{
  "session": "S541",
  "mode": "periodic",
  "tool": "science_quality.py",
  "recent_arg": 0,
  "n_experiments": 1464,
  "mean_quality": 0.37758811475409837,
  "median_quality": 0.3495,
  "criteria_means": {
    "pre_registration": 0.38729508196721313,
    "control": 0.7069672131147541,
    "significance": 0.09904371584699453,
    "external_validation": 0.3203551912568306,
    "falsification": 0.25,
    "falsification_outcome": 0.07377049180327869
  },
  "confirm_discover_ratio": "296:222",
  "skipped_no_ead": 744,
  "falsification_lanes": "94/1594",
  "falsification_outcome_rate": 0.074,
  "falsification_outcome_count": 108,
  "instrument_flags": 290,
  "instrument_flag_rate": 0.198,
  "mean_test_severity": 0.118,
  "sessions_observed": [
    0,
    1,
    2,
    3,
    4,
    5,
    6,
    7,
    109,
    110,
    111,
    112,
    144,
    147,
    182,
    183,
    184,
    185,
    186,
    188,
    189,
    190,
    191,
    193,
    194,
    195,
    216,
    234,
    299,
    301,
    302,
    303,
    304,
    305,
    306,
    307,
    308,
    310,
    311,
    312,
    313,
    314,
    318,
    325,
    326,
    327,
    328,
    329,
    330,
    331,
    332,
    333,
    334,
    335,
    336,
    337,
    338,
    339,
    340,
    341,
    342,
    343,
    344,
    345,
    346,
    347,
    348,
    349,
    350,
    351,
    352,
    353,
    354,
    355,
    356,
    357,
    358,
    359,
    360,
    362,
    363,
    365,
    366,
    367,
    368,
    369,
    370,
    371,
    372,
    373,
    374,
    375,
    376,
    377,
    378,
    379,
    380,
    381,
    382,
    383,
    384,
    385,
    386,
    387,
    388,
    389,
    390,
    391,
    392,
    393,
    394,
    395,
    396,
    397,
    398,
    399,
    400,
    401,
    402,
    403,
    404,
    405,
    406,
    408,
    409,
    410,
    411,
    412,
    413,
    414,
    415,
    416,
    417,
    418,
    419,
    420,
    421,
    422,
    423,
    424,
    425,
    426,
    427,
    428,
    429,
    430,
    431,
    432,
    433,
    434,
    435,
    436,
    437,
    441,
    442,
    443,
    444,
    445,
    446,
    447,
    448,
    449,
    450,
    451,
    452,
    453,
    454,
    455,
    456,
    457,
    458,
    459,
    460,
    461,
    462,
    463,
    464,
    465,
    466,
    467,
    468,
    469,
    470,
    471,
    472,
    473,
    475,
    476,
    477,
    478,
    479,
    480,
    481,
    482,
    484,
    485,
    486,
    487,
    488,
    489,
    490,
    491,
    492,
    493,
    494,
    495,
    496,
    497,
    498,
    499,
    500,
    501,
    502,
    503,
    504,
    505,
    506,
    507,
    508,
    509,
    510,
    511,
    512,
    513,
    514,
    515,
    516,
    517,
    518,
    519,
    520,
    521,
    522,
    523,
    524,
    525,
    526,
    527,
    528,
    529,
    530,
    531,
    532,
    533,
    534,
    535,
    536,
    537,
    538,
    539,
    540,
    541,
    542
  ],
  "bottom_5": [
    {
      "file": "experiments/belief-variants/aggressive-challenge.json",
      "session": 0,
      "scores": {
        "pre_registration": 0.0,
        "control": 0.0,
        "significance": 0.0,
        "external_validation": 0.0,
        "falsification": 0.0,
        "falsification_outcome": 0.0,
        "test_severity": 0.0,
        "total": 0.0
      },
      "instrument_valid": true,
      "instrument_flags": []
    },
    {
      "file": "experiments/meta/bayes-meta-s431.json",
      "session": 431,
      "scores": {
        "pre_registration": 0.0,
        "control": 0.0,
        "significance": 0.0,
        "external_validation": 0.0,
        "falsification": 0.0,
        "falsification_outcome": 0.0,
        "test_severity": 0.0,
        "total": 0.0
      },
      "instrument_valid": true,
      "instrument_flags": []
    },
    {
      "file": "experiments/meta/bayes-meta-s432.json",
      "session": 432,
      "scores": {
        "pre_registration": 0.0,
        "control": 0.0,
        "significance": 0.0,
        "external_validation": 0.0,
        "falsification": 0.0,
        "falsification_outcome": 0.0,
        "test_severity": 0.0,
        "total": 0.0
      },
      "instrument_valid": true,
      "instrument_flags": []
    },
    {
      "file": "experiments/meta/bayes-meta-s445.json",
      "session": 445,
      "scores": {
        "pre_registration": 0.0,
        "control": 0.0,
        "significance": 0.0,
        "external_validation": 0.0,
        "falsification": 0.0,
        "falsification_outcome": 0.0,
        "test_severity": 0.0,
        "total": 0.0
      },
      "instrument_valid": true,
      "instrument_flags": []
    },
    {
      "file": "experiments/meta/bayes-meta-s466.json",
      "session": 466,
      "scores": {
        "pre_registration": 0.0,
        "control": 0.0,
        "significance": 0.0,
        "external_validation": 0.0,
        "falsification": 0.0,
        "falsification_outcome": 0.0,
        "test_severity": 0.0,
        "total": 0.0
      },
      "instrument_valid": true,
      "instrument_flags": []
    }
  ],
  "top_5": [
    {
      "file": "experiments/ai/b18-retest-s511.json",
      "session": 511,
      "scores": {
        "pre_registration": 1.0,
        "control": 1.0,
        "significance": 0.0,
        "external_validation": 1.0,
        "falsification": 1.0,
        "falsification_outcome": 1.0,
        "test_severity": 0.67,
        "total": 1.0
      },
      "instrument_valid": true,
      "instrument_flags": []
    },
    {
      "file": "experiments/ai/f-ai4-goodhart-cascade-s540.json",
      "session": 540,
      "scores": {
        "pre_registration": 1.0,
        "control": 1.0,
        "significance": 0.5,
        "external_validation": 1.0,
        "falsification": 1.0,
        "falsification_outcome": 1.0,
        "test_severity": 0.66,
        "total": 1.0
      },
      "instrument_valid": false,
      "instrument_flags": [
        "vague_hypothesis: expect has no quantifiable metric but actual does"
      ]
    },
    {
      "file": "experiments/epistemology/f-epis2-decay-s511.json",
      "session": 2,
      "scores": {
        "pre_registration": 1.0,
        "control": 1.0,
        "significance": 0.5,
        "external_validation": 1.0,
        "falsification": 1.0,
        "falsification_outcome": 1.0,
        "test_severity": 0.33,
        "total": 1.0
      },
      "instrument_valid": true,
      "instrument_flags": []
    },
    {
      "file": "experiments/evaluation/f-eval2-phil15-universality-s486.json",
      "session": 486,
      "scores": {
        "pre_registration": 1.0,
        "control": 1.0,
        "significance": 0.5,
        "external_validation": 1.0,
        "falsification": 1.0,
        "falsification_outcome": 1.0,
        "test_severity": 0.33,
        "total": 1.0
      },
      "instrument_valid": true,
      "instrument_flags": []
    },
    {
      "file": "experiments/concept-inventor/f-inv1-human-benefit-s507.json",
      "session": 507,
      "scores": {
        "pre_registration": 1.0,
        "control": 1.0,
        "significance": 1.0,
        "external_validation": 1.0,
        "falsification": 1.0,
        "falsification_outcome": 0.0,
        "test_severity": 0.66,
        "total": 1.0
      },
      "instrument_valid": true,
      "instrument_flags": []
    }
  ],
  "weak_severity_count": 1009,
  "weak_severity_rate": 0.689
}
