{
  "generated_at_utc": "2026-02-27T16:01:47Z",
  "profile": "compute",
  "results": [
    {
      "name": "compute",
      "tasks": 4,
      "runs": 3,
      "warmup": 1,
      "workers": [
        1,
        2,
        3,
        4
      ],
      "medians_seconds": {
        "1": 2.2429407439994975,
        "2": 1.0571343260016874,
        "3": 0.993418890000612,
        "4": 0.6290028789990174
      },
      "means_seconds": {
        "1": 2.1371820513340936,
        "2": 1.0785898726668772,
        "3": 1.013341813999432,
        "4": 0.6264650919996105
      },
      "speedup_vs_n1": {
        "1": 1.0,
        "2": 2.121717826042778,
        "3": 2.2577995713350245,
        "4": 3.565867214421766
      },
      "efficiency": {
        "1": 1.0,
        "2": 1.060858913021389,
        "3": 0.7525998571116749,
        "4": 0.8914668036054415
      },
      "failures": {
        "1": 0,
        "2": 0,
        "3": 0,
        "4": 0
      }
    }
  ]
}