{
  "session": "S111",
  "benchmark": "f92-real-task-bulletin-shared-file-postfix",
  "swarm_name": "f92-real-bulletin-fix-20260227161339",
  "total_writes_per_run": 80,
  "repeats": 3,
  "raw_seconds": {
    "1": [
      3.770058699999936,
      3.633774199999607,
      3.54621959999713
    ],
    "2": [
      1.7986289000000397,
      1.7820690000007744,
      1.8437063999990642
    ],
    "3": [
      1.3676696000002266,
      1.2653976000001421,
      1.2810296000025119
    ],
    "4": [
      0.9842927000026975,
      0.9597338000021409,
      0.9796698999998625
    ]
  },
  "median_seconds": {
    "1": 3.633774199999607,
    "2": 1.7986289000000397,
    "3": 1.2810296000025119,
    "4": 0.9796698999998625
  },
  "speedup_vs_n1": {
    "1": 1.0,
    "2": 2.02,
    "3": 2.837,
    "4": 3.709
  },
  "efficiency": {
    "1": 1.0,
    "2": 1.01,
    "3": 0.946,
    "4": 0.927
  },
  "entry_count": 1040,
  "expected_entries": 1040,
  "entry_count_match": true
}