{
  "generated_at_utc": "2026-02-27T16:12:30Z",
  "profile": "bulletin",
  "results": [
    {
      "name": "bulletin",
      "tasks": 4,
      "runs": 5,
      "warmup": 1,
      "workers": [
        1,
        2,
        3,
        4
      ],
      "medians_seconds": {
        "1": 0.4344045149991871,
        "2": 0.12615288799861446,
        "3": 0.1610178189985163,
        "4": 0.06190022000009776
      },
      "means_seconds": {
        "1": 0.43914136460007286,
        "2": 0.13065532479886316,
        "3": 0.16161772799969185,
        "4": 0.061676293200434884
      },
      "speedup_vs_n1": {
        "1": 1.0,
        "2": 3.4434765774364053,
        "3": 2.6978660976844426,
        "4": 7.017818595773989
      },
      "efficiency": {
        "1": 1.0,
        "2": 1.7217382887182027,
        "3": 0.8992886992281476,
        "4": 1.7544546489434973
      },
      "failures": {
        "1": 0,
        "2": 0,
        "3": 0,
        "4": 0
      }
    }
  ]
}