{
  "generated_at_utc": "2026-02-27T16:01:27Z",
  "profile": "wiki",
  "results": [
    {
      "name": "wiki",
      "tasks": 3,
      "runs": 3,
      "warmup": 1,
      "workers": [
        1,
        2,
        3,
        4
      ],
      "medians_seconds": {
        "1": 3.9077597730029083,
        "2": 2.521954456999083,
        "3": 1.3366413690018817,
        "4": 1.6467590580032265
      },
      "means_seconds": {
        "1": 3.8889787750013056,
        "2": 2.5226594823325286,
        "3": 1.6929845256672706,
        "4": 1.847050212002311
      },
      "speedup_vs_n1": {
        "1": 1.0,
        "2": 1.5494965669018539,
        "3": 2.923566383345574,
        "4": 2.3730003208491546
      },
      "efficiency": {
        "1": 1.0,
        "2": 0.7747482834509269,
        "3": 0.974522127781858,
        "4": 0.5932500802122886
      },
      "failures": {
        "1": 0,
        "2": 0,
        "3": 0,
        "4": 0
      }
    }
  ]
}