{
  "generated_at_utc": "2026-02-27T16:13:42Z",
  "profile": "bulletin",
  "results": [
    {
      "name": "bulletin",
      "tasks": 4,
      "runs": 5,
      "warmup": 1,
      "workers": [
        1,
        2,
        3,
        4
      ],
      "medians_seconds": {
        "1": 0.18314870000176597,
        "2": 0.11505180000312976,
        "3": 0.10251209999842104,
        "4": 0.07227450000209501
      },
      "means_seconds": {
        "1": 0.18065404000008128,
        "2": 0.11515510000099312,
        "3": 0.10489695999931428,
        "4": 0.07171280000038678
      },
      "speedup_vs_n1": {
        "1": 1.0,
        "2": 1.59188035299564,
        "3": 1.7866056787890108,
        "4": 2.534070799472249
      },
      "efficiency": {
        "1": 1.0,
        "2": 0.79594017649782,
        "3": 0.5955352262630036,
        "4": 0.6335176998680623
      },
      "failures": {
        "1": 0,
        "2": 0,
        "3": 0,
        "4": 0
      }
    }
  ]
}